Column1,Column2,Column3,Column4,Column5,Column6,Column7,Column8,Column9
amxapj,n28ta8,r4x9gr,1zdpnd,d5ax7b,bnx9sz,r0r48g,dyyg6f,wtsttt
v9snvv,gifq07,4u68wa,jazduj,q5g393,gktd8g,t9plf5,e7vx20,a17xuf
zkequ7,x5uftz,43xq6c,iymzgh,uemprg,w77zfd,p7melz,oaykkt,g6j27f
btwdfn,rp2lg9,lmvc4n,keg30j,upx25b,uhivdb,adx3au,hzmu4m,xcm184
mjga28,apffit,qnts7u,qjc0kl,w9u1at,wg69ec,q2xn4w,p6ujzp,gmg9ve
51fs53,ojl4da,8u9mha,pqz4ye,nlgs92,iflkm2,u8em65,3toj1z,xkf4p6
evne7d,k5gbu5,vk9krk,af5z70,j1wj10,6p5g30,qunnru,cok3wu,46v1f5
mqu76y,j9gzv7,759crz,p8zlw1,p1k9og,i6p9hx,svmfuo,ydxyak,cxtw22
vhfa0z,afho3z,xoqtt4,f6dm02,xb9ui7,glzcq0,maj7og,85op0r,wcy4hc
